ID,Name,Age,Favorite Color
1,Maible Hal,,,lford,40,Red
2,Claiborn Skyppe,91,Yellow
3,Antonina Champe,79,Teal
4,Ellwood Talboy,82,Violet
5,Benedicto Chaffen,90,Aquamarine
6,Filip Mingard,89,Crimson
7,Alfons Hefforde,62,Orange
8,Mitchell Kattenhorn,84,Puce
9,Clemens Hurdis,84,Pink
10,Alanna Hanratty,63,Crimson
11,Hamil Littledike,48,Red
12,Elsie Copplestone,19,Goldenrod
13,Rozele Gaveltone,13,Red
14,Valida Zappel,98,Puce
15,Fayth Fitt,55,Indigo
16,Friedrick Kendrick,67,Aquamarine
17,Luciano Hanscombe,60,Maroon
18,Bessie Bladder,20,Aquamarine
19,Eleanore Caesmans,33,Violet
20,Donny Rubke,72,Red
21,Genia Tolossi,96,Teal
22,Hedda O'Fihily,51,Goldenrod
23,Cy Bricklebank,29,Blue
24,Juanita Ardling,72,Yellow
25,Clarey Gash,92,Green
26,Nikki Marrows,77,Blue
27,Ingemar Revance,19,Orange
28,Emelda Trass,61,Puce
29,Willard Hussy,28,Blue
30,Cam Mogridge,24,Crimson
31,Virgil Campana,58,Red
32,Kin Seago,95,Khaki
33,Herby Hargerie,91,Turquoise
34,Corbie Wragge,8,Aquamarine
35,Vic Farrance,21,Maroon
36,Jone Swadon,29,Purple
37,Catie Unworth,56,Turquoise
38,Care Minney,66,Pink
39,Erna Bing,5,Red
40,Garnette Dafter,10,Red
41,Loy Cauley,62,Aquamarine
42,Ibbie Ellson,98,Crimson
43,Hervey Gabbetis,77,Yellow
44,Barrett Gavan,11,Pink
45,Onfroi Flamank,56,Pink
46,Bobine Langstrath,6,Teal
47,Daisey Ancketill,5,Orange
48,Bidget Twinborne,72,Teal
49,Duky Dignon,94,Turquoise
50,Ed Meagher,51,Green
51,Dorothea Blacksland,1,Purple
52,Shell Hendrich,60,Orange
53,Dosi Davern,76,Maroon
54,Nonah Aldington,11,Violet
55,Gerrilee Yorath,5,Goldenrod
56,Gratiana Biesinger,90,Blue
57,Odelinda Etches,38,Goldenrod
58,Nissy Soppitt,38,Maroon
59,Rhonda Milson,36,Red
60,Xavier Fairpo,61,Red
61,Flinn Causley,32,Mauv
62,Woodie Witchell,74,Blue
63,Zachariah MacAfee,100,Turquoise
64,Sterling Tother,41,Maroon
65,Delilah St. Pierre,22,Pink
66,Zara Mc Faul,45,Maroon
67,Fanechka Pittendreigh,29,Mauv
68,Garrot Titmus,54,Crimson
69,Lyndy Denslow,43,Violet
70,Gabbi Starsmeare,33,Indigo
71,Gloriana Locarno,64,Indigo
72,Giustino Jozef,63,Violet
73,Gregorio Day,41,Indigo
74,Christopher Ridett,80,Khaki
75,Roz Jeffry,96,Orange
76,Casi Andrag,42,Yellow
77,Emogene Slee,54,Purple
78,Christine Kytley,11,Khaki
79,Pen O' Cuolahan,76,Fuscia
80,Gayler Cranch,81,Turquoise
81,Cristina Sowley,11,Khaki
82,Cris Pendrich,51,Purple
83,Wilone McArd,30,Turquoise
84,Marion Claeskens,48,Puce
85,Helaina Romanini,61,Green
86,Kathi Bess,17,Aquamarine
87,Cart Farrey,40,Puce
88,Aldo Tree,73,Violet
89,Kevin Coarser,9,Violet
90,Clement McIsaac,26,Puce
91,Kristal Chamley,45,Yellow
92,Kaiser Bartak,1,Purple
93,Cristi Guiver,29,Fuscia
94,Kory Skewis,35,Green
95,Karil Slany,68,Red
96,Niki Bumphrey,79,Puce
97,Miltie Sabati,71,Turquoise
98,Becki Lapley,60,Teal
99,Barty Cawthry,38,Green
100,Beverley Van der Veldt,68,Goldenrod
101,Gay Sultana,98,Violet
102,Valaree Dymick,92,Maroon
103,Teri Lewsley,54,Blue
104,Vite Wickey,6,Mauv
105,Ashton Gatlin,90,Teal
106,Boot Tingley,91,Goldenrod
107,Constantina Yerrall,7,Puce
108,Billie Vowells,13,Orange
109,Krispin Krzyzowski,40,Indigo
110,Nicolette Dell Casa,26,Turquoise
111,Remus O'Donnelly,100,Pink
112,Lesley Bray,82,Turquoise
113,Jerrome Adderley,9,Purple
114,Margie Manoch,73,Maroon
115,Edan Simonson,8,Fuscia
116,Penny Eliassen,14,Orange
117,Kyrstin Bratch,43,Mauv
118,Ewart Tegeller,90,Aquamarine
119,Lock Paffett,46,Orange
120,Quent Thurber,29,Blue
121,Josh Burde,84,Crimson
122,Hillard Olyff,3,Khaki
123,Quincey Peery,23,Blue
124,Maris Jeffery,4,Indigo
125,Rosene Reely,81,Blue
126,Mavra Greenhow,94,Crimson
127,Karena Bothram,100,Violet
128,Barbie Skillett,50,Blue
129,Rowan Josskoviz,53,Crimson
130,Perceval Glanister,23,Fuscia
131,Syman Chatterton,20,Puce
132,Anthiathia Ingray,66,Green
133,Joanie Lockart,89,Aquamarine
134,Margy Morrowe,30,Indigo
135,Dottie Sitch,30,Blue
136,Helene Jerome,72,Fuscia
137,Alphonso Malkin,25,Puce
138,Fitz Handrick,47,Green
139,Margarette Cheshir,61,Red
140,Maritsa Buff,82,Purple
141,Heda Dellit,91,Green
142,Margo Blade,65,Purple
143,Peggy Tilley,84,Mauv
144,Carl Ferentz,37,Mauv
145,Herb Antonioni,14,Purple
146,Jonah Bavister,20,Khaki
147,Elva Thirsk,62,Violet
148,Ddene Luther,82,Green
149,Gert Gauntlett,95,Green
150,Alain Borrie,44,Turquoise
151,Tabor Ponceford,53,Aquamarine
152,Shellie Dicte,3,Crimson
153,Regine Gingold,63,Orange
154,Jasen Widdicombe,65,Aquamarine
155,Roxana Wycherley,97,Turquoise
156,Joly Cussons,17,Goldenrod
157,Currey Wallen,83,Orange
158,Dante Davidofski,12,Aquamarine
159,Winthrop Castanho,72,Yellow
160,Randy Shapira,34,Indigo
161,Colman Paskins,30,Fuscia
162,Bartel Bundey,93,Teal
163,Aileen Dik,12,Teal
164,Reena Cargill,85,Fuscia
165,Melosa Dominico,47,Puce
166,Culley Tullett,45,Green
167,Jacklyn McGrady,43,Violet
168,Giusto McFaell,82,Indigo
169,Meridel Tampen,95,Aquamarine
170,Gerianna Thynne,62,Puce
171,Obediah Smoote,69,Turquoise
172,Jozef Goretti,21,Mauv
173,Thatcher Disney,69,Aquamarine
174,Sullivan Matthiae,99,Crimson
175,Rodrick Duling,68,Orange
176,Grantham Maclean,37,Orange
177,Eadmund Tellenbrook,3,Khaki
178,Clevie Karolowski,61,Violet
179,Minerva Rooze,11,Orange
180,Westbrook Domengue,67,Red
181,Thom Winslow,79,Teal
182,Lemmy Freake,9,Khaki
183,Silvanus O' Flaherty,23,Yellow
184,Sigrid Shakesby,1,Indigo
185,Eb Lindeberg,1,Goldenrod
186,Joshia Diggons,7,Aquamarine
187,Natty Hanstock,36,Maroon
188,Thaddus Soeiro,38,Khaki
189,Lyn Byllam,69,Pink
190,Eliza Balstone,66,Fuscia
191,Gloria Pfeffel,8,Orange
192,Risa Hamstead,14,Fuscia
193,Dennison Glasspoole,12,Yellow
194,Hermon Rois,5,Red
195,Boony Formilli,77,Violet
196,Mariellen Reidie,47,Mauv
197,Cassandre Edworthie,37,Green
198,Owen Asmus,95,Green
199,Lexine Sifflett,61,Maroon
200,Milka Sawart,20,Teal
201,Bryn Tomasz,19,Turquoise
202,Natty Juleff,44,Fuscia
203,Dorthea Levecque,66,Fuscia
204,Nomi Titley,57,Turquoise
205,Hamish Orpyne,64,Aquamarine
206,Trista Ritmeier,56,Purple
207,Kenyon Sibbald,38,Crimson
208,Fidela Jelf,88,Indigo
209,Halsy Ritmeier,48,Orange
210,Rita Gori,84,Orange
211,Rodd Rraundl,10,Violet
212,Corliss Comoletti,34,Blue
213,Eachelle Greenroad,29,Blue
214,Devin McIlhagga,66,Aquamarine
215,Fabian Pink,16,Violet
216,Jobyna Batsford,3,Mauv
217,Hertha Gabits,30,Red
218,Keary de Keep,80,Yellow
219,Cristi Wrigglesworth,26,Aquamarine
220,Dita Deakin,30,Goldenrod
221,Querida Westnage,44,Violet
222,James Hanstock,56,Maroon
223,Gerik Poyle,43,Aquamarine
224,Sasha Longcaster,36,Indigo
225,Julianne Glewe,27,Yellow
226,Shelley Pearlman,38,Orange
227,Carrol Mirfield,88,Red
228,Eben Fearne,2,Purple
229,Haze Etherington,42,Crimson
230,Cyb Aloshkin,28,Goldenrod
231,Kirstyn Aldersey,64,Indigo
232,Corliss MacRonald,33,Puce
233,Janeczka Brash,29,Orange
234,Cherilyn Karadzas,99,Pink
235,Caitlin Gino,87,Goldenrod
236,Dorine Huddart,73,Crimson
237,Ash Challice,2,Crimson
238,Marcel Southerden,68,Turquoise
239,Babs Solley,73,Purple
240,Dietrich Saulter,10,Teal
241,Tymothy Rays,24,Violet
242,Tildy Tollett,24,Aquamarine
243,Dania Hefforde,61,Puce
244,Kendricks Derle,25,Goldenrod
245,Alys Cranstoun,62,Turquoise
246,Heinrick Prier,49,Yellow
247,Giulio Painswick,35,Teal
248,Minna Bottomer,53,Crimson
249,Herculie Espadas,39,Red
250,Devy Cowans,87,Maroon
251,Isa Oller,91,Aquamarine
252,Joeann Bonnar,31,Mauv
253,Lynsey Kanwell,96,Crimson
254,Rafaello Caldwall,76,Crimson
255,Gregg Heald,33,Indigo
256,Jodi Ickovic,32,Red
257,Adela Popov,90,Indigo
258,Harmony Adenot,79,Teal
259,Garrik Gronou,65,Puce
260,Alla Zylberdik,37,Aquamarine
261,Queenie Frise,95,Indigo
262,Basile Coldicott,29,Maroon
263,Travers Critten,51,Green
264,Terra Beetham,9,Maroon
265,Rhea Jeffcock,21,Turquoise
266,Glenn Lowrie,15,Green
267,Tedra Kelly,27,Maroon
268,Lotti Hairyes,34,Pink
269,Mariska Dillet,59,Pink
270,Kasper Philipeaux,22,Goldenrod
271,Stanley Perrigo,81,Blue
272,Ethyl Primrose,76,Aquamarine
273,Viva Hasnip,29,Pink
274,Rudyard Showen,50,Goldenrod
275,Blithe Ireland,50,Maroon
276,Dorisa Arnau,49,Green
277,Antoinette Mac Giolla Pheadair,90,Yellow
278,Sloan Deviney,13,Puce
279,Vilma Vanes,88,Puce
280,Harvey Matei,70,Puce
281,Chrysler Donalson,78,Turquoise
282,Emlen Plampeyn,40,Aquamarine
283,Brier Bloan,57,Crimson
284,Elva Shobrook,57,Maroon
285,Brittani Fadell,57,Indigo
286,Maureene Dowson,54,Crimson
287,Tucker Cockling,47,Maroon
288,Terza Douthwaite,16,Pink
289,Teriann Dwane,36,Purple
290,Annelise Asker,56,Yellow
291,Gweneth Vasin,58,Blue
292,Alec Delgardillo,18,Violet
293,Morry Waghorne,7,Maroon
294,Abdul Sheara,57,Indigo
295,Ardella Mottram,36,Blue
296,Fanchette Sherbrook,76,Turquoise
297,Howard Heliot,4,Blue
298,Marten Toope,66,Yellow
299,Tadd Cypler,60,Mauv
300,Codi Le Grice,3,Purple
301,Dale Muldoon,56,Blue
302,Tandy Maddick,15,Aquamarine
303,Kesley Antonignetti,3,Crimson
304,Tarra Jiran,86,Pink
305,Claudio Mapstone,92,Crimson
306,Farrah Warren,79,Puce
307,Noami Dybald,88,Khaki
308,Moishe Alesbrook,76,Purple
309,Liesa Punton,100,Khaki
310,Gerty Adolf,20,Turquoise
311,Anton Aucutt,84,Turquoise
312,Emma Tremblay,41,Khaki
313,Charlena Matt,56,Goldenrod
314,Moselle Patria,99,Violet
315,Madella Branscomb,99,Purple
316,Kriste Mahomet,13,Violet
317,Sibelle Malyj,70,Indigo
318,George Breem,14,Maroon
319,Lucio Tye,87,Purple
320,Chaddy Gronous,9,Violet
321,Ivette Benner,33,Yellow
322,Shani Houchen,89,Purple
323,Phil Santen,75,Khaki
324,Dinnie Matthewman,32,Turquoise
325,Finley Banghe,60,Aquamarine
326,Nani Pilsbury,32,Maroon
327,Aubrette Baldung,1,Red
328,Marcellus de Mullett,12,Khaki
329,Leshia Dupey,22,Blue
330,Hadlee Riolfo,12,Teal
331,Mikaela Bachelar,41,Blue
332,Jessica Salman,62,Violet
333,Nanete Bolus,62,Green
334,Kennith Maddie,69,Maroon
335,Brewer Caughan,83,Turquoise
336,Gay Hymus,34,Teal
337,Crissy Crown,77,Purple
338,Clari Josh,54,Goldenrod
339,Fraze Gini,39,Khaki
340,Hyman Gobbett,53,Khaki
341,Prudence Walczynski,70,Puce
342,Gennie Petcher,96,Maroon
343,Margot Orpwood,90,Pink
344,Zolly Morefield,33,Crimson
345,Harmonia Lettsom,76,Green
346,Chevalier Nail,8,Violet
347,Hodge Haps,67,Goldenrod
348,Fransisco Sweeny,57,Khaki
349,Mariann Causey,51,Green
350,Arleta Drew,96,Puce
351,Carmita Ivashchenko,96,Indigo
352,Melicent Hattersley,59,Aquamarine
353,Aurthur Epp,21,Fuscia
354,Dalli Cozzi,52,Orange
355,Wood Gradwell,65,Turquoise
356,Ariana Ughelli,5,Aquamarine
357,Fairleigh Littlemore,47,Orange
358,Emery Stachini,70,Red
359,Kalina Leggitt,99,Violet
360,Hildagarde Coots,76,Pink
361,Win Manuello,92,Puce
362,Danielle Shuter,49,Green
363,Modestia Ingleton,32,Yellow
364,Ana Kilgallen,1,Red
365,Karlan Hustings,95,Crimson
366,Percival Brownsett,58,Aquamarine
367,Dianna Dukesbury,37,Purple
368,Eddi Kiledal,27,Violet
369,Parnell Pointin,40,Mauv
370,Konstance Karlolczak,65,Crimson
371,Katrine Helix,64,Indigo
372,Jamal Roath,91,Goldenrod
373,Kipper Daines,34,Mauv
374,Candi Aylett,54,Maroon
375,Corey Sparshutt,6,Goldenrod
376,Quintus Lean,65,Fuscia
377,Moyra Ottam,41,Green
378,Marcelo Leyshon,79,Green
379,Sutherland McCartan,39,Violet
380,Alejandro Blevin,23,Maroon
381,Chickie Parkinson,61,Violet
382,Aggie Klemz,19,Indigo
383,Cori Sedwick,99,Crimson
384,Sean Beekman,5,Aquamarine
385,Marian Cantopher,55,Indigo
386,Millisent Bordone,17,Blue
387,Junina Stoney,80,Fuscia
388,Jorge Buncom,100,Mauv
389,Pandora Hainning,41,Red
390,Sheela Barkly,8,Yellow
391,Mia Mosco,99,Purple
392,Hanna Pyott,10,Green
393,Jedediah Cleare,4,Puce
394,Raye Crann,30,Crimson
395,Elfreda Corrison,87,Green
396,Lucille Preskett,2,Indigo
397,Ringo Hardin,58,Turquoise
398,Barrie Poon,93,Pink
399,Georgianne Drinkhall,100,Blue
400,Winna Lepere,18,Blue
401,Hamlen Mowbray,88,Violet
402,Halli Cholmondeley,71,Purple
403,Orel Papes,29,Pink
404,Derk Dale,70,Turquoise
405,Edithe Tennewell,53,Fuscia
406,Anderson Gedge,68,Teal
407,Wilmar Pirri,19,Puce
408,Hogan Augie,84,Orange
409,Valentine Curnok,34,Indigo
410,Lawton Januszewski,90,Khaki
411,Rozalin Osmar,10,Puce
412,Flossi Waterdrinker,47,Maroon
413,Wadsworth Heald,62,Fuscia
414,Ira Dani,77,Mauv
415,Mitchel Rummer,77,Indigo
416,Caria Anneslie,95,Goldenrod
417,Holden Bragger,21,Mauv
418,Leilah Brockley,82,Crimson
419,Kienan Boggs,85,Teal
420,Dorolisa Geldeford,48,Pink
421,Moses Blanckley,50,Maroon
422,Jeffy Fuggle,45,Orange
423,Corrie Cracknell,86,Goldenrod
424,Bartholomeus Girardetti,57,Purple
425,Vida Ruselin,34,Red
426,Waldon Probets,50,Khaki
427,Boone McLeese,32,Goldenrod
428,Martita Clelland,41,Blue
429,Maye Aslet,94,Fuscia
430,Koral Ocheltree,69,Aquamarine
431,Maurita Bladon,53,Khaki
432,Ronni Ivers,96,Blue
433,Nigel Safe,80,Violet
434,Harrie Wootton,55,Purple
435,Hyatt Patsall,23,Crimson
436,Fransisco Gommery,84,Aquamarine
437,Lyndsey Turbayne,87,Teal
438,Mariel Gerauld,41,Blue
439,Geno Attenborough,91,Mauv
440,Etty Weagener,69,Puce
441,Prudy McClancy,90,Pink
442,Alex Parncutt,14,Pink
443,Darill Harse,35,Indigo
444,Marina Hutcheson,59,Mauv
445,Nathalie Valintine,81,Teal
446,Tudor Babbe,82,Khaki
447,Isidro Element,58,Khaki
448,Corrina Racher,44,Pink
449,Hannah Georgins,7,Fuscia
450,Ramonda Dillow,25,Turquoise
451,Gun Newhouse,37,Orange
452,Friedrick Kleimt,74,Red
453,Umberto Rowan,25,Indigo
454,Opalina Yanshin,16,Green
455,Margery Parris,34,Maroon
456,Stacey Bordiss,8,Violet
457,Victor MacGragh,86,Yellow
458,Derwin Prandy,59,Green
459,Caryl Levings,24,Pink
460,Sonnie Ilewicz,30,Crimson
461,Cassaundra Hearon,3,Turquoise
462,Christoph Vasey,48,Violet
463,Ulrica Bowcher,62,Khaki
464,Michal Rogeron,33,Red
465,Reuben Madelin,22,Maroon
466,Lucienne Yashaev,3,Turquoise
467,Ginni Plampin,36,Purple
468,Talya Kadwallider,21,Purple
469,Carlotta Cassell,17,Green
470,Troy Brame,18,Khaki
471,Xylia Treacher,78,Purple
472,Roxanne Lealle,1,Yellow
473,Lilia Sidebotton,69,Goldenrod
474,Melisse Suter,23,Pink
475,Blondy Hevner,93,Maroon
476,Leeland Ure,57,Mauv
477,Riki Fist,24,Goldenrod
478,Travus Lauret,27,Maroon
479,Bord Cramer,19,Crimson
480,Nettle Feldstein,12,Pink
481,Camella Barmby,33,Violet
482,Coop Edgett,1,Puce
483,Julee Simonnin,88,Pink
484,Bryn Sterley,34,Maroon
485,Ferguson Mix,91,Indigo
486,Zabrina Poytheras,36,Orange
487,Brett Cubbini,91,Green
488,Obediah Schultheiss,93,Khaki
489,Nicko Crockford,83,Red
490,Rosalinda de Najera,32,Violet
491,Martino Kreuzer,62,Fuscia
492,Cornelia Simnel,29,Puce
493,Bernetta Choulerton,73,Goldenrod
494,Karry Curragh,97,Mauv
495,Hilary Gleader,37,Crimson
496,Harmon Struis,90,Green
497,Leisha Sergean,17,Teal
498,Kayle Elger,31,Yellow
499,Maisie Dodds,42,Khaki
500,Gordan Shovlar,66,Teal
501,Melvyn Pont,45,Aquamarine
502,Cart Rosencrantz,45,Yellow
503,Liza Margrett,88,Red
504,Celle Ellery,2,Puce
505,Letizia Laneham,53,Teal
506,Margaretha Dowse,26,Pink
507,Barclay Weild,51,Orange
508,Matthiew Bowfin,82,Turquoise
509,Sianna Hodgon,46,Pink
510,Mag Bogey,34,Purple
511,Henka Algeo,5,Yellow
512,Rene Croisier,24,Purple
513,Rebekah Turl,19,Mauv
514,Tymothy Wiffield,19,Maroon
515,Letty Brosel,80,Aquamarine
516,Sybilla Nelissen,18,Yellow
517,Allyn Pietraszek,50,Yellow
518,Griff Javes,87,Purple
519,Maighdiln Eschalette,98,Red
520,Scotty Daddow,12,Teal
521,Evin Phinnessy,42,Purple
522,Tuck Nix,22,Maroon
523,Cosme Kwietak,7,Blue
524,Neale Cattermole,15,Yellow
525,Katti Hyland,11,Crimson
526,Liza Dowman,84,Mauv
527,Meris McGairl,96,Orange
528,Alwyn Gambles,39,Yellow
529,Simon MacDonnell,99,Orange
530,Lorant Kauschke,53,Indigo
531,Charline De Dei,73,Red
532,Sigfrid Shegog,80,Indigo
533,Bern Tallon,92,Mauv
534,Itch Edworthy,43,Maroon
535,Anderea Titman,72,Violet
536,Thane Langford,27,Khaki
537,Hercule Pulham,91,Aquamarine
538,Yoko Foulkes,97,Puce
539,Sydel Schmuhl,10,Aquamarine
540,Roxie Gregorio,15,Yellow
541,Lanny Label,14,Pink
542,Aloise Isakson,54,Turquoise
543,Dianemarie Impy,27,Maroon
544,Fabien Clac,82,Goldenrod
545,Natale McIlenna,59,Red
546,Issi Perazzo,92,Maroon
547,Loella Rotham,8,Red
548,Ellsworth Lowder,69,Purple
549,Deanna Annandale,16,Teal
550,Andy Duchant,16,Red
551,Hayyim Veronique,41,Yellow
552,Martie Extal,28,Turquoise
553,Kassi Borrell,24,Indigo
554,Brier Keers,35,Teal
555,Gerrilee Darrach,4,Orange
556,Cindra Oxlee,82,Indigo
557,Suzanna Fyfe,80,Turquoise
558,Ralph Wimbury,15,Turquoise
559,Niall Powney,25,Mauv
560,Jessalyn La Padula,27,Purple
561,Renata Buckeridge,93,Orange
562,Crin Pavis,58,Indigo
563,Brittni Mouan,62,Turquoise
564,Giustino Ludlom,64,Red
565,Reube Aspell,91,Maroon
566,Oralle Fencott,72,Orange
567,Sidoney Frantz,8,Goldenrod
568,Charline O'Ferris,83,Yellow
569,Anton O'Gaven,1,Pink
570,Freida Husbands,38,Khaki
571,Mariejeanne Jonathon,89,Puce
572,Lezlie Kastel,45,Indigo
573,Ewell Mandry,29,Puce
574,Wilt Mordie,10,Fuscia
575,Hayward Painten,91,Purple
576,Etan Flecknoe,55,Teal
577,Bale Cunnane,25,Turquoise
578,Mikey Mityakov,96,Turquoise
579,Timmie Krienke,74,Red
580,Kalina Tregenza,2,Red
581,Niels Warcup,78,Violet
582,Lib Scammell,91,Teal
583,Vite Marten,42,Aquamarine
584,Tommi Sunderland,81,Blue
585,Catlin Dorey,99,Orange
586,Pris Joskovitch,37,Puce
587,Mackenzie Kemmons,97,Crimson
588,Nanice Levick,95,Fuscia
589,Edsel Rawle,18,Goldenrod
590,Regine Burtonwood,84,Maroon
591,Lenka Ickov,42,Orange
592,Truda Jirik,34,Crimson
593,Teddie Kenwyn,8,Purple
594,Florida Batting,95,Teal
595,Eduino Tellenbach,17,Orange
596,Wileen Bergin,11,Puce
597,Farrell Fergusson,14,Khaki
598,Mareah O'Keeffe,71,Teal
599,Feliks Glave,78,Puce
600,Brittaney Hullett,91,Purple
601,Lanita Shinn,56,Yellow
602,Luca Oleksinski,26,Khaki
603,Malchy Trott,100,Maroon
604,Corette Gooly,21,Mauv
605,Isidora Kubat,26,Green
606,Kirsti Colliard,79,Puce
607,Collin Woodbridge,36,Yellow
608,Billie Archbold,89,Mauv
609,Gilburt Hair,54,Purple
610,Paco Beaumont,68,Purple
611,Jyoti Munsey,11,Violet
612,Corina Godney,27,Puce
613,Amalle Carrell,39,Green
614,Elbertina Roby,96,Aquamarine
615,Curcio Tarpey,7,Green
616,Bron Rosenauer,50,Teal
617,Carmencita Cohan,95,Crimson
618,Leontine Ducker,47,Yellow
619,Ailey Prugel,11,Khaki
620,Nadine Cawthry,31,Violet
621,Shandee Gennings,15,Pink
622,Nikita Persich,60,Khaki
623,Padraig Toulson,61,Yellow
624,Thorny Leavry,43,Yellow
625,Pembroke Geratasch,69,Aquamarine
626,Doro Parker,71,Crimson
627,Clarance Dunniom,91,Green
628,Stephi Impy,32,Red
629,Belita Redhole,28,Violet
630,Rozanne Stembridge,78,Yellow
631,Denna McMickan,3,Crimson
632,Kelbee Taylder,68,Fuscia
633,Archie Dumblton,24,Fuscia
634,Florence Hubner,53,Maroon
635,Leshia Faers,74,Teal
636,Jolene Tigner,6,Orange
637,Constantine Lambol,90,Blue
638,Harri Hannaby,32,Maroon
639,Cortney Motto,68,Turquoise
640,Crissy Varne,44,Orange
641,Bendicty Kayser,19,Fuscia
642,Angelle Lytlle,31,Pink
643,Nobe Snowling,38,Pink
644,Idette Beecraft,30,Blue
645,Walden Coomes,69,Maroon
646,Ruthie Rule,17,Crimson
647,Osbourne Petrelli,8,Puce
648,Krishna Paterson,51,Maroon
649,Betta Pfleger,94,Fuscia
650,Sunny Sains,19,Goldenrod
651,Estele Spraging,93,Fuscia
652,Dion Spaice,66,Maroon
653,Charlotte Innocenti,51,Goldenrod
654,Myrle Wombwell,20,Fuscia
655,Clay Furlonge,85,Mauv
656,Cathrin Duhig,71,Crimson
657,Belinda Farndon,10,Purple
658,Reinald Polglaze,18,Purple
659,Alisander Cannon,75,Goldenrod
660,Reginald Tchaikovsky,50,Goldenrod
661,Gare Lount,66,Indigo
662,Virgie Avrahamof,50,Purple
663,Burnaby Matteucci,9,Maroon
664,Daven McKiddin,62,Mauv
665,Gusty Malletratt,36,Maroon
666,Anthe Figge,38,Teal
667,Bryant Alliband,51,Puce
668,Beulah Stiegars,52,Mauv
669,Vera Flatley,38,Red
670,Leo Dey,17,Pink
671,Darci Cootes,59,Orange
672,Norene Longfellow,66,Purple
673,Aldric Bessett,25,Blue
674,Dennison Kelsall,28,Blue
675,Kathi Gauch,14,Goldenrod
676,Estrella Deery,15,Aquamarine
677,Angus Shickle,6,Green
678,Jacynth Hebner,57,Fuscia
679,Felike Febre,74,Khaki
680,Waldon Houlworth,75,Violet
681,Howard Grimster,13,Pink
682,Siobhan Widdop,62,Red
683,Olvan MacCroary,84,Teal
684,Aurelia Heinsius,23,Turquoise
685,Sioux Navan,96,Indigo
686,Marianna Broadey,88,Orange
687,Kathy Wickardt,83,Maroon
688,Andeee Foxley,53,Teal
689,Tanner Butchart,89,Crimson
690,Hillie Loney,19,Mauv
691,Ingrid Lambshine,30,Indigo
692,Caren Mettrick,97,Indigo
693,Dorri Di Maria,26,Fuscia
694,Ludvig Ensley,32,Turquoise
695,Katherine Kornilyev,45,Fuscia
696,Julianne Tootin,56,Orange
697,Angie Kerfod,58,Turquoise
698,Trevar Olyunin,6,Maroon
699,Currie Dive,5,Blue
700,Mufinella Ketley,88,Red
701,Boyce Nelm,10,Violet
702,Frants Poschel,61,Teal
703,Kaile Weddup,34,Teal
704,Avery Collip,75,Yellow
705,Kaiser Attenbrow,78,Goldenrod
706,Franchot Frantz,62,Blue
707,Cyrill Briton,68,Blue
708,Roldan Huxham,92,Pink
709,Ag Mainz,64,Teal
710,Myrtice McKinstry,95,Mauv
711,Maryjo Adlard,60,Khaki
712,Belicia Blackwell,23,Red
713,Daniele Smallpiece,24,Mauv
714,Florrie Dani,2,Aquamarine
715,Kessiah Splevin,18,Goldenrod
716,Duky Digby,39,Crimson
717,Horace Taggett,2,Mauv
718,Jemima Cornforth,77,Pink
719,Mattias Syrett,13,Teal
720,Frederique Crayke,67,Blue
721,Vinny Talton,83,Yellow
722,Giffard Clutterham,21,Purple
723,Rip Sadat,23,Mauv
724,Gustie Primrose,64,Purple
725,Concettina Syson,82,Maroon
726,Mellisent Stonner,14,Orange
727,Tye Betun,34,Crimson
728,Ximenez Craigmile,17,Purple
729,Katrine MacCarter,37,Yellow
730,Devina Haggar,67,Yellow
731,Idell Hirtz,30,Indigo
732,Viole Trusdale,18,Blue
733,Salomo Nickoll,95,Teal
734,Devy Cardenas,28,Turquoise
735,Gaylord MacNeice,73,Mauv
736,Milzie Goodacre,21,Mauv
737,Ginnie Edmunds,98,Purple
738,Pattie Hallward,67,Maroon
739,Bronnie Roome,87,Blue
740,Rosette Tosspell,90,Violet
741,Tracey Kinney,44,Crimson
742,Domenico Kluger,40,Maroon
743,Barbee Ramm,9,Puce
744,Mavra Bamlett,77,Turquoise
745,Hollie Goodisson,93,Violet
746,Willdon Iapico,40,Turquoise
747,Dorolice Friary,59,Teal
748,Celestia Gulliver,54,Crimson
749,Catlin Barends,53,Pink
750,Vonni Djuricic,72,Purple
751,Kassie Jansen,96,Khaki
752,Abe Ivimey,3,Orange
753,Shermie Berthelet,80,Yellow
754,Murdoch Follis,32,Puce
755,Lutero Olliffe,60,Red
756,Glenden Geaves,14,Red
757,Mechelle Maylin,92,Blue
758,Fanni Savell,81,Yellow
759,Annora Joiris,35,Orange
760,Penny Langsbury,15,Puce
761,Gabriele Mardling,96,Khaki
762,Emlyn Broadfield,16,Turquoise
763,Nerita Denis,17,Teal
764,Yuri Cleare,25,Orange
765,Torry Brewett,76,Crimson
766,Hali Norrington,61,Orange
767,Amargo Gleaves,75,Violet
768,Jayme Van Dale,79,Puce
769,Sallyann Hanning,1,Khaki
770,Isidor Brimming,37,Yellow
771,Cloe Novik,24,Goldenrod
772,Gabriella Worstall,18,Teal
773,Cynthea Yegoshin,12,Fuscia
774,Evey Beamont,10,Red
775,Penelope Hunston,55,Orange
776,Linnet Recke,9,Green
777,Berkly Vautin,78,Yellow
778,Gill Talby,53,Mauv
779,Charisse Earnshaw,55,Puce
780,Pier Sindle,34,Mauv
781,Pippo Aitcheson,52,Yellow
782,Cal Oakwood,99,Blue
783,Pattie Crame,65,Puce
784,Minda MacEllen,73,Mauv
785,Rudie Anders,3,Blue
786,Morton Hanscombe,24,Teal
787,Phyllis Poppy,32,Teal
788,Tudor Axleby,57,Yellow
789,Sande Leavey,93,Maroon
790,Arne Brabender,92,Blue
791,Willie Axe,71,Khaki
792,Maury Denes,96,Khaki
793,Shirl Paszek,47,Blue
794,Marsha Petrussi,56,Maroon
795,Carlee Hedon,1,Red
796,Abe Mogford,93,Puce
797,Gamaliel Comer,72,Green
798,Beverlie Brando,6,Goldenrod
799,Dredi Perfect,7,Crimson
800,Margie Lorenzo,77,Indigo
801,Casper Kilmartin,81,Purple
802,Ketti Garlic,24,Purple
803,Frans Fincher,82,Orange
804,Eddy Boston,53,Orange
805,Humfried Freak,20,Purple
806,Gabriel Hannent,59,Teal
807,Ash Knobell,41,Crimson
808,Ruthe Hearle,89,Aquamarine
809,Melvin Titley,14,Aquamarine
810,Evangelina Christaeas,70,Turquoise
811,Stephie Alcido,47,Blue
812,Dre Chattaway,17,Violet
813,Nanci Astill,3,Violet
814,Marty Cosh,71,Indigo
815,Krista Risbrough,71,Green
816,Rutger Caldwell,28,Blue
817,Sergio Vertigan,48,Orange
818,Trenton Thaine,6,Teal
819,Joann Benz,51,Khaki
820,Farra Rooms,99,Yellow
821,Papagena Doerffer,61,Crimson
822,Rubina Gabotti,77,Fuscia
823,Daisie Moynihan,98,Turquoise
824,Sigrid Skivington,20,Pink
825,Kalvin Curzey,43,Red
826,Shannen Pinson,70,Blue
827,Rowan Sweet,10,Aquamarine
828,Sherwynd Joddens,2,Khaki
829,Gearard Bogey,13,Maroon
830,Cloe Petkovic,1,Mauv
831,Astrix Bedberry,50,Blue
832,Deni Summerrell,69,Green
833,Northrop Edes,82,Blue
834,Willey Farrants,71,Red
835,Gregorius Hewins,74,Crimson
836,Eyde Jeynes,66,Mauv
837,Carol-jean Fairleigh,64,Pink
838,Carlen Barneville,33,Khaki
839,Ulrikaumeko Beltzner,99,Violet
840,Isabel Goudard,86,Teal
841,Tabby Lowrie,49,Teal
842,Kassia Carletto,47,Green
843,Catharine Berrey,99,Yellow
844,Darby Bernardotte,4,Indigo
845,Caz Tremblot,9,Turquoise
846,Danila Filipson,35,Maroon
847,Agnesse Teek,39,Red
848,Stevena Ibert,7,Mauv
849,Hewet Dimmer,4,Indigo
850,Athena Moehle,11,Khaki
851,Fredelia Lovart,56,Purple
852,Debbie Spata,57,Yellow
853,Emmanuel Cristofaro,19,Aquamarine
854,Orbadiah Colliar,42,Blue
855,Arron Pittem,72,Khaki
856,Hayes Gerhartz,71,Puce
857,Connie Prestney,34,Violet
858,Nickolas D'Elias,79,Mauv
859,Rey Elintune,65,Yellow
860,Rolf Flye,41,Khaki
861,Rudolph Pendre,73,Maroon
862,Kellen McFetridge,48,Fuscia
863,Rea Nassau,87,Aquamarine
864,Sonny McNelis,48,Blue
865,Sanders Dew,50,Fuscia
866,Jobyna Addey,39,Green
867,Salomone Hickisson,79,Violet
868,Hebert St Ange,89,Goldenrod
869,Fanechka O'Fairy,71,Blue
870,Marylee Curtois,48,Purple
871,Inge Hebdon,91,Purple
872,Leontyne Foister,58,Violet
873,Trent Scrowston,37,Crimson
874,Aurelea Spry,4,Purple
875,Trula Pattullo,34,Red
876,Rogerio Etchell,50,Yellow
877,Yuri Cage,87,Pink
878,Nester Faunch,59,Goldenrod
879,Duffie Coxwell,44,Teal
880,Allyn Antyshev,88,Green
881,Babette Stranks,100,Mauv
882,Rachele Keymar,89,Crimson
883,Candide Stobo,48,Turquoise
884,Jamal Loweth,85,Maroon
885,Tod Hambelton,8,Fuscia
886,Sidonia Atwood,87,Aquamarine
887,Gabriela Striker,59,Violet
888,Patrice Lavalle,88,Red
889,Erich Manterfield,31,Goldenrod
890,Shel Sexton,74,Maroon
891,Shane Stanway,38,Violet
892,Emeline Bodimeade,78,Green
893,Milicent Devonshire,35,Aquamarine
894,Leta Grimestone,92,Pink
895,Tobi Woolam,88,Fuscia
896,Cyndie Preon,85,Khaki
897,Celinda Spridgeon,25,Khaki
898,Sargent Inman,60,Maroon
899,Hi Sharland,72,Crimson
900,Tobe Blyden,64,Mauv
901,Britney Easun,99,Yellow
902,Lexy Stranaghan,50,Mauv
903,Randee Sanper,62,Crimson
904,Caro Juhruke,55,Maroon
905,Cammy Seleway,89,Purple
906,Walsh Binestead,99,Teal
907,Marguerite Skeat,18,Orange
908,Lu Gumley,34,Red
909,Olag Betchley,44,Indigo
910,Millisent Cromie,46,Violet
911,Roarke Whilde,9,Red
912,Legra Doctor,51,Yellow
913,Erwin Shorland,63,Blue
914,See Frankland,80,Pink
915,Elbert Roseby,16,Orange
916,Moselle Webby,3,Aquamarine
917,Lawton Benediktsson,76,Khaki
918,Linnie Tregea,79,Puce
919,Marybeth Greeson,69,Mauv
920,Rina Leguay,98,Crimson
921,Felike Karpenko,10,Crimson
922,Wainwright Baytrop,88,Mauv
923,Althea Sloyan,5,Violet
924,Lonnie Goodey,94,Blue
925,Saunderson Butterick,62,Purple
926,Kirk Harly,2,Violet
927,Ruddy Shortin,40,Turquoise
928,Abagael Wells,46,Orange
929,Tarra Menichini,43,Khaki
930,Ursula Alexandrou,80,Goldenrod
931,Alard Le Fleming,66,Blue
932,Fey Hugues,28,Orange
933,Clyve Chettle,72,Turquoise
934,Brenna Besnardeau,62,Fuscia
935,Kamilah Troake,41,Khaki
936,Andee Hourston,73,Crimson
937,Karole Daventry,24,Violet
938,Ruthe Gerry,36,Goldenrod
939,Dee Kalinsky,83,Yellow
940,Rubin Gerber,39,Khaki
941,Muffin Cowlin,5,Pink
942,Hadrian Izkovici,80,Yellow
943,Cornell Dreakin,81,Aquamarine
944,Barny Buard,10,Purple
945,Linc Van Son,55,Puce
946,Willow Kubes,58,Fuscia
947,Maressa Pinch,10,Teal
948,Shanan Ipplett,11,Mauv
949,Margaretta Trout,21,Aquamarine
950,Jefferson Godlee,17,Green
951,Ezechiel Leak,82,Violet
952,Scott Connikie,44,Green
953,Hertha Leggan,55,Violet
954,Carina Aven,5,Blue
955,Ethelind Sturzaker,94,Teal
956,Mercedes Ogger,9,Pink
957,Cathleen Lamba,80,Green
958,Danita MacGinney,30,Aquamarine
959,Skipp Delnevo,64,Indigo
960,Bertrand Wainscot,29,Turquoise
961,Nolan MacAne,87,Fuscia
962,Ardine Jakubovitch,5,Pink
963,Christoper Kapelhof,34,Mauv
964,Sammy Busain,88,Teal
965,Liv Vennard,26,Maroon
966,Buffy Pietruszewicz,60,Pink
967,Blancha Enden,26,Teal
968,Mil Lait,84,Teal
969,Flory Teesdale,83,Pink
970,Alf Coote,87,Goldenrod
971,Caroljean Josefsson,51,Indigo
972,Chastity Farady,53,Indigo
973,Germain Candwell,65,Maroon
974,Stanwood Roselli,42,Purple
975,Lorilee Ranking,56,Fuscia
976,Franky Cunniam,82,Teal
977,Franny Norway,99,Khaki
978,Dayle Brahan,60,Mauv
979,Abigail Parchment,30,Aquamarine
980,Patrica Gregore,69,Red
981,Kirsteni Eastbury,56,Indigo
982,Helaina Bowlands,23,Puce
983,Therine Guillerman,33,Orange
984,Tilda Blencowe,88,Violet
985,Genevieve Bullar,75,Yellow
986,Elnore Durran,84,Green
987,Sayers Paradine,22,Pink
988,Correna Klee,73,Purple
989,Sophie Stealy,55,Yellow
990,Beverly Espinoza,1,Teal
991,Alane Blaw,39,Pink
992,Wally Grebner,32,Yellow
993,Lenard Vivian,89,Pink
994,Junia Kelloch,42,Violet
995,Svend Stoller,73,Green
996,Gifford Berzon,27,Fuscia
997,Garrik Carlsen,44,Puce
998,Worth Quixley,10,Orange
999,Jaquenette Borthwick,54,Indigo
1000,Janith Brompton,29,Orange
